"RegionType","RegionName","State","CBSA Title","SizeRankCity","SizeRankMetro","SaleToListPrice","PctPriceCut","DaysOnMarket","BuyerSellerIndex","BuyerSellerIndexMetro"
"Neighborhood","Morningside - Lenox Park","GA","Atlanta-Sandy Springs-Marietta, GA",4901,8,0.977,12.9032,82,3,4.68354430379747
"Neighborhood","East Atlanta","GA","Atlanta-Sandy Springs-Marietta, GA",5551,8,0.9801,15.0376,92.5,8,4.68354430379747
"Neighborhood","North Buckhead","GA","Atlanta-Sandy Springs-Marietta, GA",4895,8,0.9648,15.1976,83,9,4.68354430379747
"Neighborhood","Pine Hills","GA","Atlanta-Sandy Springs-Marietta, GA",4803,8,0.9754,7.5117,85,4,4.68354430379747
"Neighborhood","Old Fourth Ward","GA","Atlanta-Sandy Springs-Marietta, GA",4315,8,0.9856,17.7914,74,1,4.68354430379747
"Neighborhood","Midtown","GA","Atlanta-Sandy Springs-Marietta, GA",2435,8,0.9769,12.9799,70.5,2,4.68354430379747
"Neighborhood","Garden Hills","GA","Atlanta-Sandy Springs-Marietta, GA",5635,8,0.961923847695391,20.7792,93,10,4.68354430379747
"Neighborhood","Kirkwood","GA","Atlanta-Sandy Springs-Marietta, GA",5287,8,0.9699,13.6612,81,6,4.68354430379747
"Neighborhood","Ormewood Park","GA","Atlanta-Sandy Springs-Marietta, GA",5617,8,0.941666666666667,11.7117,74,7,4.68354430379747
"Neighborhood","Grant Park","GA","Atlanta-Sandy Springs-Marietta, GA",5158,8,0.9824,16.25,85,5,4.68354430379747
"Neighborhood","Fourth Ward","NC","Charlotte-Gastonia-Concord, NC-SC",5614,30,0.968181818181818,12,102.5,7.85714285714286,2.65822784810127
"Neighborhood","Back Creek Church Road","NC","Charlotte-Gastonia-Concord, NC-SC",5210,30,0.9673,7.767,97,5.71428571428571,2.65822784810127
"Neighborhood","Myers Park","NC","Charlotte-Gastonia-Concord, NC-SC",4022,30,0.9428,12.093,111,10,2.65822784810127
"Neighborhood","Beverly Woods","NC","Charlotte-Gastonia-Concord, NC-SC",5381,30,0.953932584269663,8.6538,104,7.14285714285714,2.65822784810127
"Neighborhood","Harwood Lane","NC","Charlotte-Gastonia-Concord, NC-SC",5565,30,0.9717,5.5172,90.5,3.57142857142857,2.65822784810127
"Neighborhood","Ballantyne West","NC","Charlotte-Gastonia-Concord, NC-SC",4343,30,0.9725,9.4545,77.5,2.85714285714286,2.65822784810127
"Neighborhood","Providence Plantation","NC","Charlotte-Gastonia-Concord, NC-SC",4835,30,0.96789804807227,13.4454,95,8.57142857142857,2.65822784810127
"Neighborhood","Coulwood West","NC","Charlotte-Gastonia-Concord, NC-SC",4774,30,0.9498,11.7647,93,9.28571428571429,2.65822784810127
"Neighborhood","Dilworth","NC","Charlotte-Gastonia-Concord, NC-SC",5237,30,0.9707,8.9362,109,6.42857142857143,2.65822784810127
"Neighborhood","Highland Creek","NC","Charlotte-Gastonia-Concord, NC-SC",3394,30,0.977,13.6719,89.5,5,2.65822784810127
"Neighborhood","Steele Creek","NC","Charlotte-Gastonia-Concord, NC-SC",4635,30,0.9717,5.8824,76,2.14285714285714,2.65822784810127
"Neighborhood","Yorkshire","NC","Charlotte-Gastonia-Concord, NC-SC",3517,30,0.9805,9.2437,72,0.714285714285714,2.65822784810127
"Neighborhood","Provincetowne","NC","Charlotte-Gastonia-Concord, NC-SC",3228,30,0.974,9.0909,64,1.42857142857143,2.65822784810127
"Neighborhood","Prosperity Church Road","NC","Charlotte-Gastonia-Concord, NC-SC",2124,30,0.9844,11.2554,97,4.28571428571429,2.65822784810127
"Neighborhood","River North","IL","Chicago-Naperville-Joliet, IL-IN-WI",4981,3,0.9963,19.2053,110,4.16666666666667,9.24050632911392
"Neighborhood","Ravenswood","IL","Chicago-Naperville-Joliet, IL-IN-WI",1201,3,0.974,20,106,5.83333333333333,9.24050632911392
"Neighborhood","Wrightwood Neighbors","IL","Chicago-Naperville-Joliet, IL-IN-WI",4496,3,0.9743,14.7208,108,3.05555555555556,9.24050632911392
"Neighborhood","Jefferson Park","IL","Chicago-Naperville-Joliet, IL-IN-WI",741,3,0.9672,21.5232,105,7.77777777777778,9.24050632911392
"Neighborhood","Montclare","IL","Chicago-Naperville-Joliet, IL-IN-WI",2533,3,1,18.705,101,1.94444444444444,9.24050632911392
"Neighborhood","Near North","IL","Chicago-Naperville-Joliet, IL-IN-WI",1624,3,0.9659,12.5,103,3.61111111111111,9.24050632911392
"Neighborhood","South Austin","IL","Chicago-Naperville-Joliet, IL-IN-WI",524,3,0.919811320754717,15.625,127,8.88888888888889,9.24050632911392
"Neighborhood","Albany Park","IL","Chicago-Naperville-Joliet, IL-IN-WI",539,3,0.9704,21.021,120.5,8.61111111111111,9.24050632911392
"Neighborhood","West Town","IL","Chicago-Naperville-Joliet, IL-IN-WI",1406,3,0.9805,17.3633,99,2.5,9.24050632911392
"Neighborhood","Sheffield Neighbors","IL","Chicago-Naperville-Joliet, IL-IN-WI",4074,3,0.9704,17.0213,105,5.27777777777778,9.24050632911392
"Neighborhood","Dunning","IL","Chicago-Naperville-Joliet, IL-IN-WI",5183,3,1,13.9241,116.5,1.11111111111111,9.24050632911392
"Neighborhood","Marquette Park","IL","Chicago-Naperville-Joliet, IL-IN-WI",995,3,0.9981,19.8925,121.5,6.11111111111111,9.24050632911392
"Neighborhood","Buena Park","IL","Chicago-Naperville-Joliet, IL-IN-WI",3914,3,0.9637,20.9877,129,9.72222222222222,9.24050632911392
"Neighborhood","South Loop","IL","Chicago-Naperville-Joliet, IL-IN-WI",867,3,0.9888,12.4118,113,2.22222222222222,9.24050632911392
"Neighborhood","West Rogers Park","IL","Chicago-Naperville-Joliet, IL-IN-WI",405,3,0.9647,12.3377,104.5,3.88888888888889,9.24050632911392
"Neighborhood","Lake View East","IL","Chicago-Naperville-Joliet, IL-IN-WI",809,3,0.9696,19.5618,110,8.05555555555556,9.24050632911392
"Neighborhood","Gold  Coast","IL","Chicago-Naperville-Joliet, IL-IN-WI",1018,3,0.9572,16.1826,135,9.44444444444444,9.24050632911392
"Neighborhood","Rogers Park","IL","Chicago-Naperville-Joliet, IL-IN-WI",536,3,0.9718,16.7064,118,6.66666666666667,9.24050632911392
"Neighborhood","West Lawn","IL","Chicago-Naperville-Joliet, IL-IN-WI",911,3,0.9725,17.7885,97,3.33333333333333,9.24050632911392
"Neighborhood","Portage Park","IL","Chicago-Naperville-Joliet, IL-IN-WI",712,3,0.9779,23.3463,97,4.72222222222222,9.24050632911392
"Neighborhood","Park West","IL","Chicago-Naperville-Joliet, IL-IN-WI",3677,3,0.9741,15.4867,113,4.44444444444444,9.24050632911392
"Neighborhood","Near East Side","IL","Chicago-Naperville-Joliet, IL-IN-WI",5480,3,0.9715,12.963,118,5,9.24050632911392
"Neighborhood","Logan Square","IL","Chicago-Naperville-Joliet, IL-IN-WI",274,3,0.9737,17.5799,95,2.77777777777778,9.24050632911392
"Neighborhood","Roscoe Village","IL","Chicago-Naperville-Joliet, IL-IN-WI",4331,3,0.9758,14.876,99,0.555555555555556,9.24050632911392
"Neighborhood","Lake View","IL","Chicago-Naperville-Joliet, IL-IN-WI",585,3,0.9686,21.3964,106,8.33333333333333,9.24050632911392
"Neighborhood","Edison Park","IL","Chicago-Naperville-Joliet, IL-IN-WI",3998,3,0.9574,18.8312,88,5.55555555555556,9.24050632911392
"Neighborhood","Garfield Ridge","IL","Chicago-Naperville-Joliet, IL-IN-WI",1187,3,0.965,20.4651,94,6.38888888888889,9.24050632911392
"Neighborhood","Old Town","IL","Chicago-Naperville-Joliet, IL-IN-WI",4108,3,0.9837,15.9091,102,0.833333333333333,9.24050632911392
"Neighborhood","Galewood","IL","Chicago-Naperville-Joliet, IL-IN-WI",2864,3,1,15.3846,108.5,1.66666666666667,9.24050632911392
"Neighborhood","Cragin","IL","Chicago-Naperville-Joliet, IL-IN-WI",800,3,0.9604,13.8158,112,6.94444444444444,9.24050632911392
"Neighborhood","West Loop Gate","IL","Chicago-Naperville-Joliet, IL-IN-WI",5443,3,0.9929,17.3554,98.5,1.38888888888889,9.24050632911392
"Neighborhood","Edgewater Beach","IL","Chicago-Naperville-Joliet, IL-IN-WI",944,3,0.9514,20.0508,110,9.16666666666667,9.24050632911392
"Neighborhood","Bucktown","IL","Chicago-Naperville-Joliet, IL-IN-WI",2138,3,0.9715,18.9266,111,7.22222222222222,9.24050632911392
"Neighborhood","Near West Side","IL","Chicago-Naperville-Joliet, IL-IN-WI",3092,3,0.9828,14.3969,97.5,0.277777777777778,9.24050632911392
"Neighborhood","South Shore","IL","Chicago-Naperville-Joliet, IL-IN-WI",703,3,0.9198,19.2429,145,10,9.24050632911392
"Neighborhood","Lincoln Park","IL","Chicago-Naperville-Joliet, IL-IN-WI",2969,3,0.961,16.7315,107,7.5,9.24050632911392
"Neighborhood","Powers","CO","Colorado Springs, CO",890,66,0.9909,15.0838,67,2,1.89873417721519
"Neighborhood","East Colorado Springs","CO","Colorado Springs, CO",488,66,0.9877,11.2903,70,3,1.89873417721519
"Neighborhood","Southwest Colorado Springs","CO","Colorado Springs, CO",924,66,0.9776,14.7239,90,9,1.89873417721519
"Neighborhood","Central Colorado Springs","CO","Colorado Springs, CO",507,66,0.9857,15.4294,68,4,1.89873417721519
"Neighborhood","Briargate","CO","Colorado Springs, CO",721,66,0.9851,16.5939,83,8,1.89873417721519
"Neighborhood","Northwest Colorado Springs","CO","Colorado Springs, CO",1219,66,0.983,18.2648,80.5,10,1.89873417721519
"Neighborhood","Southeast Colorado Springs","CO","Colorado Springs, CO",462,66,0.9937,10.453,66,1,1.89873417721519
"Neighborhood","Northeast Colorado Springs","CO","Colorado Springs, CO",505,66,0.9815,13.8763,74,6,1.89873417721519
"Neighborhood","West Colorado Springs","CO","Colorado Springs, CO",2849,66,0.9741,10.5263,69.5,5,1.89873417721519
"Neighborhood","Old Colorado City","CO","Colorado Springs, CO",2320,66,0.9765,16.309,69,7,1.89873417721519
"Neighborhood","Bluffview","TX","Dallas-Fort Worth-Arlington, TX",2931,4,0.8615,10.7477,70.5,8.42105263157895,0.759493670886076
"Neighborhood","Heritage","TX","Dallas-Fort Worth-Arlington, TX",4700,4,0.9336,7.3892,69,6.84210526315789,0.759493670886076
"Neighborhood","East","TX","Dallas-Fort Worth-Arlington, TX",239,4,0.9832,12.7036,58,4.73684210526316,0.759493670886076
"Neighborhood","Southwest Dallas","TX","Dallas-Fort Worth-Arlington, TX",224,4,1.0064,14.3451,66,2.63157894736842,0.759493670886076
"Neighborhood","North Dallas","TX","Dallas-Fort Worth-Arlington, TX",770,4,0.8158,16.7496,81,10,0.759493670886076
"Neighborhood","Oak Lawn","TX","Dallas-Fort Worth-Arlington, TX",651,4,0.8629,13.0779,68,8.94736842105263,0.759493670886076
"Neighborhood","Southeast","TX","Dallas-Fort Worth-Arlington, TX",281,4,1.0256,6.2842,52.5,1.05263157894737,0.759493670886076
"Neighborhood","Winnetka Heights","TX","Dallas-Fort Worth-Arlington, TX",492,4,1.0458,13.0435,72,3.68421052631579,0.759493670886076
"Neighborhood","Far North","TX","Dallas-Fort Worth-Arlington, TX",113,4,0.9296,13.691,52,5.78947368421053,0.759493670886076
"Neighborhood","North","TX","Dallas-Fort Worth-Arlington, TX",796,4,0.99,13.1048,85,7.36842105263158,0.759493670886076
"Neighborhood","Southwest","TX","Dallas-Fort Worth-Arlington, TX",640,4,1.0042,11.4,55,1.57894736842105,0.759493670886076
"Neighborhood","Wedgwood","TX","Dallas-Fort Worth-Arlington, TX",2746,4,0.9898,20,75,9.47368421052632,0.759493670886076
"Neighborhood","M Streets","TX","Dallas-Fort Worth-Arlington, TX",982,4,0.954,11.9289,58,4.21052631578947,0.759493670886076
"Neighborhood","Southeast Dallas","TX","Dallas-Fort Worth-Arlington, TX",140,4,0.99,10.6236,69,5.26315789473684,0.759493670886076
"Neighborhood","Park Glen","TX","Dallas-Fort Worth-Arlington, TX",3824,4,1.0339,6.4,46,0.526315789473684,0.759493670886076
"Neighborhood","Preston Hollow","TX","Dallas-Fort Worth-Arlington, TX",292,4,0.9446,17.1965,61,7.89473684210526,0.759493670886076
"Neighborhood","Northeast Dallas","TX","Dallas-Fort Worth-Arlington, TX",56,4,0.9527,15.3516,57,6.31578947368421,0.759493670886076
"Neighborhood","West","TX","Dallas-Fort Worth-Arlington, TX",337,4,0.9968,13.8675,60.5,3.15789473684211,0.759493670886076
"Neighborhood","Villages of Woodland Springs","TX","Dallas-Fort Worth-Arlington, TX",3982,4,0.9974,12.0482,56,2.10526315789474,0.759493670886076
"Neighborhood","Delmar Parkway","CO","Denver-Aurora, CO",2922,20,1,9.4737,50,2.5,0.253164556962025
"Neighborhood","Washington Park","CO","Denver-Aurora, CO",5188,20,0.9788,12.5,74,9.54545454545454,0.253164556962025
"Neighborhood","Gateway - Green Valley Ranch","CO","Denver-Aurora, CO",1097,20,1,6.3898,54,2.04545454545455,0.253164556962025
"Neighborhood","South Park Hill","CO","Denver-Aurora, CO",4783,20,0.9933,17.9775,55,6.36363636363636,0.253164556962025
"Neighborhood","Marston","CO","Denver-Aurora, CO",3898,20,0.9908,5.5172,49,1.81818181818182,0.253164556962025
"Neighborhood","Union Station","CO","Denver-Aurora, CO",5588,20,0.9847,12.8205,75,8.86363636363636,0.253164556962025
"Neighborhood","Mission Viejo","CO","Denver-Aurora, CO",5181,20,1,7.8947,48,1.36363636363636,0.253164556962025
"Neighborhood","Washington Park West","CO","Denver-Aurora, CO",5311,20,0.9976,13.3333,56,5.68181818181818,0.253164556962025
"Neighborhood","Indian Creek","CO","Denver-Aurora, CO",5648,20,0.9913,7.1429,47,1.59090909090909,0.253164556962025
"Neighborhood","Central Business District","CO","Denver-Aurora, CO",5636,20,0.9904,8.1395,71.5,6.13636363636364,0.253164556962025
"Neighborhood","North Aurora","CO","Denver-Aurora, CO",2026,20,1.0002,8.2474,55.5,3.18181818181818,0.253164556962025
"Neighborhood","Meadow Hills","CO","Denver-Aurora, CO",5428,20,1.004,13.253,51,2.95454545454545,0.253164556962025
"Neighborhood","Windsor","CO","Denver-Aurora, CO",3654,20,0.9857,5.6452,46,2.72727272727273,0.253164556962025
"Neighborhood","Sloan Lake","CO","Denver-Aurora, CO",5125,20,0.9853,21.1538,63,9.31818181818182,0.253164556962025
"Neighborhood","North Park Hill","CO","Denver-Aurora, CO",4602,20,0.9902,11.3821,61,6.81818181818182,0.253164556962025
"Neighborhood","Stapleton","CO","Denver-Aurora, CO",5626,20,0.9872,9.0196,62.5,6.59090909090909,0.253164556962025
"Neighborhood","Hampden","CO","Denver-Aurora, CO",1859,20,0.9861,8.1897,53,5,0.253164556962025
"Neighborhood","Tallyn's Reach","CO","Denver-Aurora, CO",5594,20,0.9858,15.873,76,9.09090909090909,0.253164556962025
"Neighborhood","Five Points","CO","Denver-Aurora, CO",3519,20,0.992,6.0976,69,4.54545454545455,0.253164556962025
"Neighborhood","Saddle Rock Golf Club","CO","Denver-Aurora, CO",5351,20,0.991,16.2393,68,7.5,0.253164556962025
"Neighborhood","Washington Virginia Vale","CO","Denver-Aurora, CO",3416,20,0.9902,8.2645,52,3.86363636363636,0.253164556962025
"Neighborhood","Montclair","CO","Denver-Aurora, CO",5460,20,0.9866,15.5556,61,8.18181818181818,0.253164556962025
"Neighborhood","University","CO","Denver-Aurora, CO",4518,20,0.9878,9.0909,53,5.45454545454545,0.253164556962025
"Neighborhood","Congress Park","CO","Denver-Aurora, CO",4272,20,0.9891,8.3333,52.5,4.09090909090909,0.253164556962025
"Neighborhood","Harvey Park","CO","Denver-Aurora, CO",3785,20,1.0027,6.4516,46.5,0.227272727272727,0.253164556962025
"Neighborhood","Montbello","CO","Denver-Aurora, CO",764,20,1,7.7295,57,3.40909090909091,0.253164556962025
"Neighborhood","East Colfax","CO","Denver-Aurora, CO",4243,20,0.9971,13.3929,54,5.22727272727273,0.253164556962025
"Neighborhood","Berkeley","CO","Denver-Aurora, CO",4871,20,0.9806,11.7647,57,8.63636363636364,0.253164556962025
"Neighborhood","Speer","CO","Denver-Aurora, CO",4031,20,0.9811,11.039,53,7.27272727272727,0.253164556962025
"Neighborhood","Hampden South","CO","Denver-Aurora, CO",2977,20,0.9822,9.9415,60,7.72727272727273,0.253164556962025
"Neighborhood","Highland","CO","Denver-Aurora, CO",4772,20,0.9841,11.6959,67,8.40909090909091,0.253164556962025
"Neighborhood","Northeast Park Hill","CO","Denver-Aurora, CO",4972,20,1,9.3023,53.5,3.63636363636364,0.253164556962025
"Neighborhood","Baker","CO","Denver-Aurora, CO",5524,20,0.981012658227848,8.6207,56,7.04545454545455,0.253164556962025
"Neighborhood","Aurora Highlands","CO","Denver-Aurora, CO",3940,20,1.0023,5.8333,51,0.681818181818182,0.253164556962025
"Neighborhood","Heather Gardens","CO","Denver-Aurora, CO",5482,20,0.9968,3.5294,51.5,0.909090909090909,0.253164556962025
"Neighborhood","East Ridge - Ptarmigan Park","CO","Denver-Aurora, CO",5476,20,0.9989,4.6875,52.5,1.13636363636364,0.253164556962025
"Neighborhood","Sunnyside","CO","Denver-Aurora, CO",4479,20,0.9888,16.1905,49.5,5.90909090909091,0.253164556962025
"Neighborhood","Cherry Creek","CO","Denver-Aurora, CO",5439,20,0.9664,11.0526,85,9.77272727272727,0.253164556962025
"Neighborhood","West Highland","CO","Denver-Aurora, CO",4709,20,0.9839,14.8649,55,7.95454545454545,0.253164556962025
"Neighborhood","Carriage Place","CO","Denver-Aurora, CO",4953,20,0.9967,5.4945,44,0.454545454545455,0.253164556962025
"Neighborhood","Fort Logan","CO","Denver-Aurora, CO",4828,20,0.9984,9.6154,57,4.31818181818182,0.253164556962025
"Neighborhood","Bear Valley","CO","Denver-Aurora, CO",4707,20,0.993,5.2632,53,2.27272727272727,0.253164556962025
"Neighborhood","Capitol Hill","CO","Denver-Aurora, CO",2887,20,0.9894,7.2917,56,4.77272727272727,0.253164556962025
"Neighborhood","University Park","CO","Denver-Aurora, CO",5072,20,0.975715524718127,16.3462,74.5,10,0.253164556962025
"Neighborhood","Loretto","FL","Jacksonville, FL",5085,35,0.9849,11.4943,83,1.66666666666667,6.64556962025316
"Neighborhood","Sandalwood","FL","Jacksonville, FL",2153,35,1,14,88.5,0.833333333333333,6.64556962025316
"Neighborhood","Murray Hill","FL","Jacksonville, FL",4545,35,0.9735,16.6667,113.5,8.33333333333333,6.64556962025316
"Neighborhood","Del Rio","FL","Jacksonville, FL",3809,35,0.9852,17.0068,83,2.5,6.64556962025316
"Neighborhood","Greenland","FL","Jacksonville, FL",4679,35,0.9803,25.8065,96,9.16666666666667,6.64556962025316
"Neighborhood","Mandarin","FL","Jacksonville, FL",4378,35,0.9693,20.9302,101.5,10,6.64556962025316
"Neighborhood","Beach Haven","FL","Jacksonville, FL",2126,35,0.9678,16.7539,96,7.5,6.64556962025316
"Neighborhood","Golden Glades - The Woods","FL","Jacksonville, FL",2157,35,0.9724,15.534,76,4.16666666666667,6.64556962025316
"Neighborhood","Girvin","FL","Jacksonville, FL",5268,35,0.981033355134075,15.9091,103,5.83333333333333,6.64556962025316
"Neighborhood","Goodby's Creek","FL","Jacksonville, FL",5604,35,0.9985,22.2222,81,3.33333333333333,6.64556962025316
"Neighborhood","Jacksonville Heights","FL","Jacksonville, FL",3470,35,0.964,13.3333,92,6.66666666666667,6.64556962025316
"Neighborhood","East Arlington","FL","Jacksonville, FL",2284,35,0.9934,21.8182,89,5,6.64556962025316
"Neighborhood","Summerlin South","NV","Las Vegas-Paradise, NV",1036,27,0.9716,16.1525,79.5,9.21052631578947,2.15189873417722
"Neighborhood","Buffalo","NV","Las Vegas-Paradise, NV",2311,27,0.9776,16.5919,79,8.68421052631579,2.15189873417722
"Neighborhood","Gibson Springs","NV","Las Vegas-Paradise, NV",3532,27,0.9793,14.486,70,4.73684210526316,2.15189873417722
"Neighborhood","Sunrise","NV","Las Vegas-Paradise, NV",2024,27,1,9.8485,116,1.84210526315789,2.15189873417722
"Neighborhood","Whitney","NV","Las Vegas-Paradise, NV",931,27,0.9844,14.7135,83,7.10526315789474,2.15189873417722
"Neighborhood","Desert Shores","NV","Las Vegas-Paradise, NV",2714,27,0.9748,17.3145,84,9.47368421052632,2.15189873417722
"Neighborhood","Sunrise Manor","NV","Las Vegas-Paradise, NV",83,27,0.9945,12.1044,91,2.36842105263158,2.15189873417722
"Neighborhood","Paradise","NV","Las Vegas-Paradise, NV",60,27,0.9881,12.8593,70,0.789473684210526,2.15189873417722
"Neighborhood","Michael Way","NV","Las Vegas-Paradise, NV",615,27,0.9911,16.8906,81,6.31578947368421,2.15189873417722
"Neighborhood","West Las Vegas","NV","Las Vegas-Paradise, NV",1690,27,1.0034,16.5354,82,4.21052631578947,2.15189873417722
"Neighborhood","Charleston Heights","NV","Las Vegas-Paradise, NV",840,27,0.9913,13.7555,75,1.31578947368421,2.15189873417722
"Neighborhood","North Cheyenne","NV","Las Vegas-Paradise, NV",803,27,0.9955,12.4194,82,1.57894736842105,2.15189873417722
"Neighborhood","Winchester","NV","Las Vegas-Paradise, NV",1291,27,0.9798,14.0162,89,7.89473684210526,2.15189873417722
"Neighborhood","Pioneer Park","NV","Las Vegas-Paradise, NV",2927,27,0.9765,12.9747,67.5,3.68421052631579,2.15189873417722
"Neighborhood","Centennial Hills","NV","Las Vegas-Paradise, NV",605,27,0.9823,13.4116,73,3.15789473684211,2.15189873417722
"Neighborhood","Summerlin North","NV","Las Vegas-Paradise, NV",652,27,0.9818,15.2626,76.5,6.05263157894737,2.15189873417722
"Neighborhood","Green Valley North","NV","Las Vegas-Paradise, NV",827,27,0.9872,15.3707,66,1.05263157894737,2.15189873417722
"Neighborhood","Enterprise","NV","Las Vegas-Paradise, NV",182,27,0.9856,15.4295,78,5,2.15189873417722
"Neighborhood","Rancho Charleston","NV","Las Vegas-Paradise, NV",901,27,0.9825,15.3094,72,3.42105263157895,2.15189873417722
"Neighborhood","Green Valley Ranch","NV","Las Vegas-Paradise, NV",2763,27,0.9837,21.8254,66.5,6.84210526315789,2.15189873417722
"Neighborhood","Valley View","NV","Las Vegas-Paradise, NV",3182,27,0.9927,8.1481,62.5,0.263157894736842,2.15189873417722
"Neighborhood","The Lakes","NV","Las Vegas-Paradise, NV",1047,27,0.9804,13.2692,80,6.57894736842105,2.15189873417722
"Neighborhood","Angel Park Lindell","NV","Las Vegas-Paradise, NV",3463,27,0.9837,15.4812,63,2.10526315789474,2.15189873417722
"Neighborhood","Westgate","NV","Las Vegas-Paradise, NV",1970,27,0.9812,18.5714,76,8.1578947368421,2.15189873417722
"Neighborhood","Sheep Mountain","NV","Las Vegas-Paradise, NV",1832,27,0.9888,18.552,86,7.63157894736842,2.15189873417722
"Neighborhood","Lone Mountain","NV","Las Vegas-Paradise, NV",594,27,0.9864,17.1396,66,2.63157894736842,2.15189873417722
"Neighborhood","MacDonald Ranch","NV","Las Vegas-Paradise, NV",3272,27,0.9652,10.9804,74.5,5.26315789473684,2.15189873417722
"Neighborhood","Tule Springs","NV","Las Vegas-Paradise, NV",2006,27,0.9805,17.5074,79,8.42105263157895,2.15189873417722
"Neighborhood","River Mountain","NV","Las Vegas-Paradise, NV",3962,27,0.9854,10.7345,61,0.526315789473684,2.15189873417722
"Neighborhood","Sun City Summerlin","NV","Las Vegas-Paradise, NV",3659,27,0.9628,18.7135,87,10,2.15189873417722
"Neighborhood","Huntridge","NV","Las Vegas-Paradise, NV",2529,27,0.9793,11.8644,80,5.78947368421053,2.15189873417722
"Neighborhood","Spring Valley","NV","Las Vegas-Paradise, NV",90,27,0.9765,13.3898,72.5,5.52631578947368,2.15189873417722
"Neighborhood","Anthem","NV","Las Vegas-Paradise, NV",1606,27,0.9794,21.2441,96,9.73684210526316,2.15189873417722
"Neighborhood","Pittman","NV","Las Vegas-Paradise, NV",4195,27,0.9924,17.3653,75.5,4.47368421052632,2.15189873417722
"Neighborhood","Kyle Canyon","NV","Las Vegas-Paradise, NV",3818,27,0.9898,16.8966,75,3.94736842105263,2.15189873417722
"Neighborhood","The Strip","NV","Las Vegas-Paradise, NV",5658,27,0.9451,10.0917,124,8.94736842105263,2.15189873417722
"Neighborhood","Green Valley South","NV","Las Vegas-Paradise, NV",1672,27,0.9749,12.4031,66,2.89473684210526,2.15189873417722
"Neighborhood","East Las Vegas","NV","Las Vegas-Paradise, NV",943,27,0.9783,14.2857,80.5,7.36842105263158,2.15189873417722
"Neighborhood","Granada Hills","CA","Los Angeles-Long Beach-Santa Ana, CA",609,2,0.9886,11.8557,72,5.73333333333333,1.07594936708861
"Neighborhood","Porter Ranch","CA","Los Angeles-Long Beach-Santa Ana, CA",1700,2,0.9902,10.7143,69,3.06666666666667,1.07594936708861
"Neighborhood","North Arroyo","CA","Los Angeles-Long Beach-Santa Ana, CA",4748,2,1,13.7615,54,1.6,1.07594936708861
"Neighborhood","Riviera","CA","Los Angeles-Long Beach-Santa Ana, CA",3879,2,0.9794,8.2192,56,2.66666666666667,1.07594936708861
"Neighborhood","Northwood","CA","Los Angeles-Long Beach-Santa Ana, CA",1736,2,0.9713,12.766,71,8.53333333333333,1.07594936708861
"Neighborhood","Koreatown","CA","Los Angeles-Long Beach-Santa Ana, CA",243,2,0.973201692524683,9.375,81.5,7.86666666666667,1.07594936708861
"Neighborhood","Canyon Country","CA","Los Angeles-Long Beach-Santa Ana, CA",748,2,0.9958,15.6322,69.5,4.26666666666667,1.07594936708861
"Neighborhood","Hyde Park","CA","Los Angeles-Long Beach-Santa Ana, CA",861,2,0.9976,10.7595,94,5.33333333333333,1.07594936708861
"Neighborhood","West Hills","CA","Los Angeles-Long Beach-Santa Ana, CA",945,2,0.9819,15.8683,69,8.26666666666667,1.07594936708861
"Neighborhood","West Anaheim","CA","Los Angeles-Long Beach-Santa Ana, CA",379,2,0.9879,14.2857,74,7.33333333333333,1.07594936708861
"Neighborhood","Anaheim Hills","CA","Los Angeles-Long Beach-Santa Ana, CA",751,2,0.982,13.4804,72,8.13333333333333,1.07594936708861
"Neighborhood","The Plaza","CA","Los Angeles-Long Beach-Santa Ana, CA",1983,2,0.994,13.0719,57,2.53333333333333,1.07594936708861
"Neighborhood","Chatsworth","CA","Los Angeles-Long Beach-Santa Ana, CA",849,2,0.9852,14.8485,72,7.73333333333333,1.07594936708861
"Neighborhood","Encino","CA","Los Angeles-Long Beach-Santa Ana, CA",530,2,0.98,12.5767,74,8.4,1.07594936708861
"Neighborhood","Reseda","CA","Los Angeles-Long Beach-Santa Ana, CA",408,2,0.9949,11.6071,73,4,1.07594936708861
"Neighborhood","Northwest Torrance","CA","Los Angeles-Long Beach-Santa Ana, CA",1718,2,0.992517941670484,14.8148,70,5.86666666666667,1.07594936708861
"Neighborhood","Highland Park","CA","Los Angeles-Long Beach-Santa Ana, CA",631,2,1.0018,12.1693,61,1.06666666666667,1.07594936708861
"Neighborhood","Pacific Palisades","CA","Los Angeles-Long Beach-Santa Ana, CA",1447,2,0.9769,8.9965,66,4.66666666666667,1.07594936708861
"Neighborhood","Southeast Anaheim","CA","Los Angeles-Long Beach-Santa Ana, CA",761,2,0.9906,12.5714,62.5,2.8,1.07594936708861
"Neighborhood","Sylmar","CA","Los Angeles-Long Beach-Santa Ana, CA",328,2,1,13.8824,77,4.8,1.07594936708861
"Neighborhood","Wilmington","CA","Los Angeles-Long Beach-Santa Ana, CA",493,2,0.9979,18.4713,77,6.8,1.07594936708861
"Neighborhood","Harbor City","CA","Los Angeles-Long Beach-Santa Ana, CA",1389,2,0.990312163616792,15.1079,73,6.93333333333333,1.07594936708861
"Neighborhood","Downtown","CA","Los Angeles-Long Beach-Santa Ana, CA",3339,2,0.9824,14.1935,82,9.33333333333333,1.07594936708861
"Neighborhood","Newhall","CA","Los Angeles-Long Beach-Santa Ana, CA",749,2,0.9829,12.9231,78,8.8,1.07594936708861
"Neighborhood","Saugus","CA","Los Angeles-Long Beach-Santa Ana, CA",1035,2,0.9976,10.9467,62,1.33333333333333,1.07594936708861
"Neighborhood","East Central","CA","Los Angeles-Long Beach-Santa Ana, CA",1726,2,0.9901,14.1593,65,4.4,1.07594936708861
"Neighborhood","Arleta","CA","Los Angeles-Long Beach-Santa Ana, CA",805,2,1,9.589,70.5,1.86666666666667,1.07594936708861
"Neighborhood","Sherman Oaks","CA","Los Angeles-Long Beach-Santa Ana, CA",77,2,0.9867,14.1509,70,6.66666666666667,1.07594936708861
"Neighborhood","North Hills","CA","Los Angeles-Long Beach-Santa Ana, CA",450,2,0.9893,10.7463,71,3.86666666666667,1.07594936708861
"Neighborhood","South Arroyo","CA","Los Angeles-Long Beach-Santa Ana, CA",4420,2,0.997,7.6923,57,0.4,1.07594936708861
"Neighborhood","Mid City","CA","Los Angeles-Long Beach-Santa Ana, CA",211,2,0.9818,12.1212,74,8,1.07594936708861
"Neighborhood","Mar Vista","CA","Los Angeles-Long Beach-Santa Ana, CA",779,2,0.9981,6.5217,54,0.133333333333333,1.07594936708861
"Neighborhood","Playa Del Rey","CA","Los Angeles-Long Beach-Santa Ana, CA",2607,2,0.9918,9.6154,61,1.73333333333333,1.07594936708861
"Neighborhood","Beverly Glen","CA","Los Angeles-Long Beach-Santa Ana, CA",3134,2,0.974,13.75,126,10,1.07594936708861
"Neighborhood","Glassell Park","CA","Los Angeles-Long Beach-Santa Ana, CA",1127,2,0.9953,7.5949,65,0.933333333333333,1.07594936708861
"Neighborhood","South Los Angeles","CA","Los Angeles-Long Beach-Santa Ana, CA",74,2,0.9958,9.7072,91.5,4.53333333333333,1.07594936708861
"Neighborhood","Northeast Anaheim","CA","Los Angeles-Long Beach-Santa Ana, CA",600,2,0.9868,12.5654,72,6.53333333333333,1.07594936708861
"Neighborhood","Canoga Park","CA","Los Angeles-Long Beach-Santa Ana, CA",317,2,0.9951,10.3797,67,2.26666666666667,1.07594936708861
"Neighborhood","Southwest Anaheim","CA","Los Angeles-Long Beach-Santa Ana, CA",645,2,0.9931,11.9318,69.5,3.33333333333333,1.07594936708861
"Neighborhood","North Hollywood","CA","Los Angeles-Long Beach-Santa Ana, CA",202,2,0.9869,12.2951,63,4.13333333333333,1.07594936708861
"Neighborhood","Westchester","CA","Los Angeles-Long Beach-Santa Ana, CA",855,2,1.0006,7.3446,57,0.266666666666667,1.07594936708861
"Neighborhood","Southeast Los Angeles","CA","Los Angeles-Long Beach-Santa Ana, CA",88,2,1.0001,9.628,92.5,3.46666666666667,1.07594936708861
"Neighborhood","Valencia","CA","Los Angeles-Long Beach-Santa Ana, CA",614,2,0.9878,11.0883,64.5,3.2,1.07594936708861
"Neighborhood","Northridge","CA","Los Angeles-Long Beach-Santa Ana, CA",375,2,0.9831,13.2743,72,7.46666666666667,1.07594936708861
"Neighborhood","Mount Washington","CA","Los Angeles-Long Beach-Santa Ana, CA",2205,2,0.9864,7.971,63,2.4,1.07594936708861
"Neighborhood","Lower Peters Canyon","CA","Los Angeles-Long Beach-Santa Ana, CA",1682,2,0.979,15.7895,82,9.86666666666667,1.07594936708861
"Neighborhood","Hollywood Hills","CA","Los Angeles-Long Beach-Santa Ana, CA",1000,2,0.977,13.1179,83,9.6,1.07594936708861
"Neighborhood","Hollywood","CA","Los Angeles-Long Beach-Santa Ana, CA",119,2,0.984,11.6279,78,7.6,1.07594936708861
"Neighborhood","Westwood","CA","Los Angeles-Long Beach-Santa Ana, CA",564,2,0.9851,9.1892,66.5,3.6,1.07594936708861
"Neighborhood","Woodland Hills","CA","Los Angeles-Long Beach-Santa Ana, CA",689,2,0.9811,15.6966,77,9.46666666666667,1.07594936708861
"Neighborhood","South","CA","Los Angeles-Long Beach-Santa Ana, CA",1542,2,0.9856,13.8075,60,5.6,1.07594936708861
"Neighborhood","Winnetka","CA","Los Angeles-Long Beach-Santa Ana, CA",658,2,0.9931,11.7647,76,5.2,1.07594936708861
"Neighborhood","Brentwood","CA","Los Angeles-Long Beach-Santa Ana, CA",906,2,0.9906,6.9767,63.5,1.2,1.07594936708861
"Neighborhood","Panorama City","CA","Los Angeles-Long Beach-Santa Ana, CA",423,2,0.9842,14.4186,82,9.06666666666667,1.07594936708861
"Neighborhood","Valley Glen","CA","Los Angeles-Long Beach-Santa Ana, CA",1069,2,0.9841,13.8122,64,6.4,1.07594936708861
"Neighborhood","Mid City West","CA","Los Angeles-Long Beach-Santa Ana, CA",670,2,0.9656,11.165,63,6.13333333333333,1.07594936708861
"Neighborhood","Bixby Area","CA","Los Angeles-Long Beach-Santa Ana, CA",3234,2,0.988235294117647,13.5802,73.5,7.2,1.07594936708861
"Neighborhood","Pacoima","CA","Los Angeles-Long Beach-Santa Ana, CA",339,2,1.0001,9.8765,64,0.666666666666667,1.07594936708861
"Neighborhood","El Sereno","CA","Los Angeles-Long Beach-Santa Ana, CA",700,2,0.989,19.2771,69,7.06666666666667,1.07594936708861
"Neighborhood","Palms","CA","Los Angeles-Long Beach-Santa Ana, CA",705,2,0.989,7.767,56,1.46666666666667,1.07594936708861
"Neighborhood","San Pedro","CA","Los Angeles-Long Beach-Santa Ana, CA",345,2,0.9851,14.9321,78,8.93333333333333,1.07594936708861
"Neighborhood","Del Rey","CA","Los Angeles-Long Beach-Santa Ana, CA",956,2,0.994,7.9787,57,0.533333333333333,1.07594936708861
"Neighborhood","Woodbridge","CA","Los Angeles-Long Beach-Santa Ana, CA",1312,2,0.9705,15.7143,77,9.73333333333333,1.07594936708861
"Neighborhood","North Long Beach","CA","Los Angeles-Long Beach-Santa Ana, CA",248,2,0.9959,13.5484,82,6.26666666666667,1.07594936708861
"Neighborhood","Downtown","CA","Los Angeles-Long Beach-Santa Ana, CA",857,2,0.9851,12.6214,82,8.66666666666667,1.07594936708861
"Neighborhood","Sun Valley","CA","Los Angeles-Long Beach-Santa Ana, CA",267,2,0.994,15.8416,69,4.93333333333333,1.07594936708861
"Neighborhood","Venice","CA","Los Angeles-Long Beach-Santa Ana, CA",841,2,0.9863,6.8657,81,5.06666666666667,1.07594936708861
"Neighborhood","Valley Village","CA","Los Angeles-Long Beach-Santa Ana, CA",1516,2,0.9872,12.7517,66,5.46666666666667,1.07594936708861
"Neighborhood","Mid Wilshire","CA","Los Angeles-Long Beach-Santa Ana, CA",787,2,0.9833,8.5106,63,2.93333333333333,1.07594936708861
"Neighborhood","North Central","CA","Los Angeles-Long Beach-Santa Ana, CA",946,2,1,12.2807,75,3.73333333333333,1.07594936708861
"Neighborhood","Tarzana","CA","Los Angeles-Long Beach-Santa Ana, CA",1061,2,0.9877,16.7849,84,9.2,1.07594936708861
"Neighborhood","Sunland","CA","Los Angeles-Long Beach-Santa Ana, CA",1528,2,1.0014,12.3656,66,2,1.07594936708861
"Neighborhood","Los Feliz","CA","Los Angeles-Long Beach-Santa Ana, CA",1193,2,0.993,11.4094,56.5,2.13333333333333,1.07594936708861
"Neighborhood","Studio City","CA","Los Angeles-Long Beach-Santa Ana, CA",798,2,0.9905,14.5923,71,6,1.07594936708861
"Neighborhood","Silver Lake","CA","Los Angeles-Long Beach-Santa Ana, CA",823,2,1.0009,11.4286,59.5,0.8,1.07594936708861
"Neighborhood","Parkway Village-Oakhaven","TN","Memphis, TN-MS-AR",773,36,1.0095,8.6253,116,1.81818181818182,4.11392405063291
"Neighborhood","Shelby Forest-Frayser","TN","Memphis, TN-MS-AR",886,36,0.9305,12,135.5,9.09090909090909,4.11392405063291
"Neighborhood","Midtown","TN","Memphis, TN-MS-AR",411,36,0.962,14.6586,85,6.36363636363636,4.11392405063291
"Neighborhood","River Oaks-Kirby-Balmoral","TN","Memphis, TN-MS-AR",768,36,0.9597,18.0952,125,10,4.11392405063291
"Neighborhood","East Memphis-Colonial-Yorkshire","TN","Memphis, TN-MS-AR",191,36,0.9671,15.4312,91,7.27272727272727,4.11392405063291
"Neighborhood","White Haven-Coro Lake","TN","Memphis, TN-MS-AR",257,36,0.985,13.5371,78,3.63636363636364,4.11392405063291
"Neighborhood","Raleigh","TN","Memphis, TN-MS-AR",509,36,0.9808,10.0179,107.5,4.54545454545455,4.11392405063291
"Neighborhood","Downtown","TN","Memphis, TN-MS-AR",540,36,0.9585,12.1212,110.5,8.18181818181818,4.11392405063291
"Neighborhood","Berclair-Highland Heights","TN","Memphis, TN-MS-AR",922,36,0.9889,10.9804,69,0.909090909090909,4.11392405063291
"Neighborhood","Cordova-Appling","TN","Memphis, TN-MS-AR",387,36,0.9688,12.3256,90,5.45454545454545,4.11392405063291
"Neighborhood","Hickory Ridge-South Riverdale","TN","Memphis, TN-MS-AR",421,36,0.9932,11.5909,93.5,2.72727272727273,4.11392405063291
"Neighborhood","Brickell","FL","Miami-Fort Lauderdale-Pompano Beach, FL",1178,7,0.9557,12.2919,146,7.5,7.84810126582278
"Neighborhood","Liberty City","FL","Miami-Fort Lauderdale-Pompano Beach, FL",1464,7,1.017,12.2605,109,0.9375,7.84810126582278
"Neighborhood","Downtown","FL","Miami-Fort Lauderdale-Pompano Beach, FL",3140,7,0.9609,11.0065,178,6.5625,7.84810126582278
"Neighborhood","Imperial Point","FL","Miami-Fort Lauderdale-Pompano Beach, FL",5343,7,0.9536,19.1257,103,7.1875,7.84810126582278
"Neighborhood","Wynwood - Edgewater","FL","Miami-Fort Lauderdale-Pompano Beach, FL",1924,7,0.9575,8.829,147,5,7.84810126582278
"Neighborhood","South Middle River","FL","Miami-Fort Lauderdale-Pompano Beach, FL",4892,7,0.9724,23.8994,110,5.9375,7.84810126582278
"Neighborhood","Isle of Normandy","FL","Miami-Fort Lauderdale-Pompano Beach, FL",4698,7,0.8936,13.6364,115.5,9.0625,7.84810126582278
"Neighborhood","Oceanfront","FL","Miami-Fort Lauderdale-Pompano Beach, FL",NA,7,0.9568,9.8341,131,4.6875,7.84810126582278
"Neighborhood","Flagami","FL","Miami-Fort Lauderdale-Pompano Beach, FL",576,7,0.9533,12.2066,98.5,3.75,7.84810126582278
"Neighborhood","Downtown","FL","Miami-Fort Lauderdale-Pompano Beach, FL",5607,7,0.9631,12.1387,111,2.1875,7.84810126582278
"Neighborhood","South-West Coconut Grove","FL","Miami-Fort Lauderdale-Pompano Beach, FL",4925,7,0.9307,12.0482,129.5,8.4375,7.84810126582278
"Neighborhood","Galt Mile","FL","Miami-Fort Lauderdale-Pompano Beach, FL",5491,7,0.9267,13.6364,140,10,7.84810126582278
"Neighborhood","Central Beach Alliance","FL","Miami-Fort Lauderdale-Pompano Beach, FL",5605,7,0.944,9.795,151,7.8125,7.84810126582278
"Neighborhood","Harbordale","FL","Miami-Fort Lauderdale-Pompano Beach, FL",5667,7,0.970873786407767,10.1695,105,0.625,7.84810126582278
"Neighborhood","Water Catchment Area","FL","Miami-Fort Lauderdale-Pompano Beach, FL",4643,7,0.9633,17.5439,105.5,4.375,7.84810126582278
"Neighborhood","Little Havana","FL","Miami-Fort Lauderdale-Pompano Beach, FL",552,7,0.9766,12.4113,108.5,1.5625,7.84810126582278
"Neighborhood","Villages of Palm Beach Lakes","FL","Miami-Fort Lauderdale-Pompano Beach, FL",2987,7,0.9574,17.6271,97,5.3125,7.84810126582278
"Neighborhood","North-East Coconut Grove","FL","Miami-Fort Lauderdale-Pompano Beach, FL",3806,7,0.9539,6.7391,132.5,4.0625,7.84810126582278
"Neighborhood","Hollywood Lakes","FL","Miami-Fort Lauderdale-Pompano Beach, FL",NA,7,0.9484,16.2162,144,9.6875,7.84810126582278
"Neighborhood","Little Haiti","FL","Miami-Fort Lauderdale-Pompano Beach, FL",1117,7,0.922222222222222,7.3276,88,2.5,7.84810126582278
"Neighborhood","Alameda - West Flagler","FL","Miami-Fort Lauderdale-Pompano Beach, FL",677,7,0.9581,12.5,103,2.8125,7.84810126582278
"Neighborhood","South Pointe","FL","Miami-Fort Lauderdale-Pompano Beach, FL",NA,7,0.9395,8.3333,156.5,8.125,7.84810126582278
"Neighborhood","Victoria Park","FL","Miami-Fort Lauderdale-Pompano Beach, FL",5228,7,0.9602,12.7778,96,1.875,7.84810126582278
"Neighborhood","Driftwood","FL","Miami-Fort Lauderdale-Pompano Beach, FL",NA,7,0.9696,11.7318,96,0.3125,7.84810126582278
"Neighborhood","Upper Eastside","FL","Miami-Fort Lauderdale-Pompano Beach, FL",3102,7,0.9464,5.9113,133.5,5.625,7.84810126582278
"Neighborhood","North Shore","FL","Miami-Fort Lauderdale-Pompano Beach, FL",NA,7,0.9586,10.3348,116,3.125,7.84810126582278
"Neighborhood","South Central Beach","FL","Miami-Fort Lauderdale-Pompano Beach, FL",NA,7,0.9457,12.6984,133,8.75,7.84810126582278
"Neighborhood","Hollywood Hills","FL","Miami-Fort Lauderdale-Pompano Beach, FL",NA,7,0.9583,19.9387,103,6.25,7.84810126582278
"Neighborhood","Coral Way","FL","Miami-Fort Lauderdale-Pompano Beach, FL",780,7,0.9627,13.4948,110,3.4375,7.84810126582278
"Neighborhood","Flamingo Lummus","FL","Miami-Fort Lauderdale-Pompano Beach, FL",2911,7,0.9472,11.5646,132,6.875,7.84810126582278
"Neighborhood","Boulevard Heights","FL","Miami-Fort Lauderdale-Pompano Beach, FL",NA,7,1.00011087703737,15.0259,99,1.25,7.84810126582278
"Neighborhood","Emerald Hills","FL","Miami-Fort Lauderdale-Pompano Beach, FL",NA,7,0.941363835579232,14.6226,136,9.375,7.84810126582278
"Neighborhood","North End","MN","Minneapolis-St. Paul-Bloomington, MN-WI",1260,15,1.0217,23.0769,92,1.81818181818182,4.05063291139241
"Neighborhood","Linden Hills","MN","Minneapolis-St. Paul-Bloomington, MN-WI",5020,15,0.961111111111111,20.9091,90,10,4.05063291139241
"Neighborhood","Howe","MN","Minneapolis-St. Paul-Bloomington, MN-WI",5223,15,0.9675,20.2532,87,8.18181818181818,4.05063291139241
"Neighborhood","West Side","MN","Minneapolis-St. Paul-Bloomington, MN-WI",2807,15,1.00673021925643,20.1923,112,6.36363636363636,4.05063291139241
"Neighborhood","North Loop","MN","Minneapolis-St. Paul-Bloomington, MN-WI",5557,15,0.9696,12.1951,83,0.909090909090909,4.05063291139241
"Neighborhood","Midway","MN","Minneapolis-St. Paul-Bloomington, MN-WI",3774,15,1.0016,23.8636,95,9.09090909090909,4.05063291139241
"Neighborhood","Payne Phallen","MN","Minneapolis-St. Paul-Bloomington, MN-WI",1041,15,1.0043,20.1058,110,7.27272727272727,4.05063291139241
"Neighborhood","Standish","MN","Minneapolis-St. Paul-Bloomington, MN-WI",5282,15,0.989,21.6216,76.5,2.72727272727273,4.05063291139241
"Neighborhood","Summit-University","MN","Minneapolis-St. Paul-Bloomington, MN-WI",2543,15,1.01193524918152,21.9512,114,5.45454545454545,4.05063291139241
"Neighborhood","Highland","MN","Minneapolis-St. Paul-Bloomington, MN-WI",1332,15,1.0042,25.3807,84,3.63636363636364,4.05063291139241
"Neighborhood","Greater Eastside","MN","Minneapolis-St. Paul-Bloomington, MN-WI",1188,15,1.0094,24.7423,94,4.54545454545455,4.05063291139241
"Neighborhood","The Heights","NJ","New York-Northern New Jersey-Long Island, NY-NJ-PA",531,1,0.9662,10.4859,131,7.91666666666667,8.0379746835443
"Neighborhood","Forest Hills","NY","New York-Northern New Jersey-Long Island, NY-NJ-PA",381,1,0.9732,6.6874,163,7.5,8.0379746835443
"Neighborhood","Upper East Side","NY","New York-Northern New Jersey-Long Island, NY-NJ-PA",81,1,0.9848,9.5411,144,5.83333333333333,8.0379746835443
"Neighborhood","Tudor City","NY","New York-Northern New Jersey-Long Island, NY-NJ-PA",2661,1,0.9829,8.7766,139,5,8.0379746835443
"Neighborhood","East Flatbush","NY","New York-Northern New Jersey-Long Island, NY-NJ-PA",175,1,1,2.7559,167,2.08333333333333,8.0379746835443
"Neighborhood","Gramercy","NY","New York-Northern New Jersey-Long Island, NY-NJ-PA",519,1,0.9825,6.9219,120,2.91666666666667,8.0379746835443
"Neighborhood","Upper West Side","NY","New York-Northern New Jersey-Long Island, NY-NJ-PA",72,1,0.9917,8.2569,131,4.16666666666667,8.0379746835443
"Neighborhood","Williamsburg","NY","New York-Northern New Jersey-Long Island, NY-NJ-PA",121,1,1,6.7442,117,0.416666666666667,8.0379746835443
"Neighborhood","Flushing","NY","New York-Northern New Jersey-Long Island, NY-NJ-PA",288,1,0.9328,4.2301,153,6.66666666666667,8.0379746835443
"Neighborhood","Turtle Bay","NY","New York-Northern New Jersey-Long Island, NY-NJ-PA",2003,1,0.982,8.0205,140,5.41666666666667,8.0379746835443
"Neighborhood","Marine Park","NY","New York-Northern New Jersey-Long Island, NY-NJ-PA",1356,1,0.944444444444444,10.5634,158,9.58333333333333,8.0379746835443
"Neighborhood","Washington Heights","NY","New York-Northern New Jersey-Long Island, NY-NJ-PA",106,1,0.9851,4.1353,155.5,3.75,8.0379746835443
"Neighborhood","Jamaica","NY","New York-Northern New Jersey-Long Island, NY-NJ-PA",154,1,0.968,6.3291,174,8.33333333333333,8.0379746835443
"Neighborhood","Flatiron District","NY","New York-Northern New Jersey-Long Island, NY-NJ-PA",1132,1,0.9768,5.0781,125,3.33333333333333,8.0379746835443
"Neighborhood","Downtown","NJ","New York-Northern New Jersey-Long Island, NY-NJ-PA",1009,1,1,9.1413,105,1.66666666666667,8.0379746835443
"Neighborhood","Greenwich Village","NY","New York-Northern New Jersey-Long Island, NY-NJ-PA",701,1,0.9958,6.5041,128,1.25,8.0379746835443
"Neighborhood","Flatbush","NY","New York-Northern New Jersey-Long Island, NY-NJ-PA",138,1,0.953177257525084,7.2776,145,7.08333333333333,8.0379746835443
"Neighborhood","Sutton Place","NY","New York-Northern New Jersey-Long Island, NY-NJ-PA",1610,1,0.9862,8.6826,161.5,6.25,8.0379746835443
"Neighborhood","Bay Ridge","NY","New York-Northern New Jersey-Long Island, NY-NJ-PA",582,1,0.96877889823418,11.3014,158.5,8.75,8.0379746835443
"Neighborhood","Bayside","NY","New York-Northern New Jersey-Long Island, NY-NJ-PA",632,1,0.941176470588235,9.3182,154,9.16666666666667,8.0379746835443
"Neighborhood","Clinton","NY","New York-Northern New Jersey-Long Island, NY-NJ-PA",1051,1,0.974358974358974,4.9438,118,2.5,8.0379746835443
"Neighborhood","Park Slope","NY","New York-Northern New Jersey-Long Island, NY-NJ-PA",474,1,1.008,8.0247,122,0.833333333333333,8.0379746835443
"Neighborhood","Chelsea","NY","New York-Northern New Jersey-Long Island, NY-NJ-PA",662,1,0.9814,5.9902,129,4.58333333333333,8.0379746835443
"Neighborhood","Sheepshead Bay","NY","New York-Northern New Jersey-Long Island, NY-NJ-PA",352,1,0.9433,8.0838,182,10,8.0379746835443
"Neighborhood","Academy Gardens","PA","Philadelphia-Camden-Wilmington, PA-NJ-DE-MD",1222,5,0.9711,16.8067,120,3.15789473684211,8.73417721518987
"Neighborhood","Frankford","PA","Philadelphia-Camden-Wilmington, PA-NJ-DE-MD",772,5,0.9431,16.0207,112,5.78947368421053,8.73417721518987
"Neighborhood","East Mount Airy","PA","Philadelphia-Camden-Wilmington, PA-NJ-DE-MD",2091,5,0.9576,21.6495,101,4.73684210526316,8.73417721518987
"Neighborhood","Cobbs Creek","PA","Philadelphia-Camden-Wilmington, PA-NJ-DE-MD",934,5,0.8556,14.7335,133.5,9.73684210526316,8.73417721518987
"Neighborhood","Elmwood","PA","Philadelphia-Camden-Wilmington, PA-NJ-DE-MD",1148,5,0.9234,8.3893,87.5,1.05263157894737,8.73417721518987
"Neighborhood","Kensington","PA","Philadelphia-Camden-Wilmington, PA-NJ-DE-MD",3028,5,0.9355,25.188,87,7.89473684210526,8.73417721518987
"Neighborhood","Roxborough","PA","Philadelphia-Camden-Wilmington, PA-NJ-DE-MD",1081,5,0.9669,22.6966,114.5,6.84210526315789,8.73417721518987
"Neighborhood","Wharton-Hawthorne-Bella Vista","PA","Philadelphia-Camden-Wilmington, PA-NJ-DE-MD",1174,5,0.9542,26.4535,99,7.10526315789474,8.73417721518987
"Neighborhood","Wissinoming","PA","Philadelphia-Camden-Wilmington, PA-NJ-DE-MD",2979,5,0.9193,19.0476,114,9.47368421052632,8.73417721518987
"Neighborhood","Olney","PA","Philadelphia-Camden-Wilmington, PA-NJ-DE-MD",920,5,0.9738,14.511,89,0.263157894736842,8.73417721518987
"Neighborhood","Juniata Park-Feltonville","PA","Philadelphia-Camden-Wilmington, PA-NJ-DE-MD",1002,5,0.9438,14.3939,89,1.31578947368421,8.73417721518987
"Neighborhood","Richmond","PA","Philadelphia-Camden-Wilmington, PA-NJ-DE-MD",723,5,0.9443,15.0905,113,5,8.73417721518987
"Neighborhood","Girard Estates","PA","Philadelphia-Camden-Wilmington, PA-NJ-DE-MD",1627,5,0.9329,20.3252,100,7.36842105263158,8.73417721518987
"Neighborhood","Bustleton","PA","Philadelphia-Camden-Wilmington, PA-NJ-DE-MD",957,5,0.9461,20.6897,114,9.21052631578947,8.73417721518987
"Neighborhood","Holmesburg-Torresdale","PA","Philadelphia-Camden-Wilmington, PA-NJ-DE-MD",939,5,0.9605,22.6923,111,5.52631578947368,8.73417721518987
"Neighborhood","Manayunk","PA","Philadelphia-Camden-Wilmington, PA-NJ-DE-MD",3812,5,0.9498,20.8633,107,8.1578947368421,8.73417721518987
"Neighborhood","Point Breeze","PA","Philadelphia-Camden-Wilmington, PA-NJ-DE-MD",1376,5,0.9602,20.398,103,3.42105263157895,8.73417721518987
"Neighborhood","East Germantown","PA","Philadelphia-Camden-Wilmington, PA-NJ-DE-MD",1598,5,0.8531,11.9617,97,2.89473684210526,8.73417721518987
"Neighborhood","Fox Chase","PA","Philadelphia-Camden-Wilmington, PA-NJ-DE-MD",1480,5,0.9708,17.6471,110,1.57894736842105,8.73417721518987
"Neighborhood","Center City West","PA","Philadelphia-Camden-Wilmington, PA-NJ-DE-MD",1033,5,0.958,15.3348,112,2.63157894736842,8.73417721518987
"Neighborhood","Lawncrest","PA","Philadelphia-Camden-Wilmington, PA-NJ-DE-MD",792,5,0.9554,15.9544,119.5,5.26315789473684,8.73417721518987
"Neighborhood","Torresdale","PA","Philadelphia-Camden-Wilmington, PA-NJ-DE-MD",1006,5,0.9557,26.1538,110,8.42105263157895,8.73417721518987
"Neighborhood","Schuylkill Southwest","PA","Philadelphia-Camden-Wilmington, PA-NJ-DE-MD",3752,5,0.9803,17.5926,84,0.526315789473684,8.73417721518987
"Neighborhood","Fishtown","PA","Philadelphia-Camden-Wilmington, PA-NJ-DE-MD",2538,5,0.9612,20.5729,104,3.68421052631579,8.73417721518987
"Neighborhood","Oxford Circle","PA","Philadelphia-Camden-Wilmington, PA-NJ-DE-MD",486,5,0.95,15.5508,98,2.10526315789474,8.73417721518987
"Neighborhood","Tacony","PA","Philadelphia-Camden-Wilmington, PA-NJ-DE-MD",3296,5,0.9688,23.0088,129,8.68421052631579,8.73417721518987
"Neighborhood","South Philadelphia","PA","Philadelphia-Camden-Wilmington, PA-NJ-DE-MD",1415,5,0.9378,18.4127,122.5,10,8.73417721518987
"Neighborhood","West Oak Lane","PA","Philadelphia-Camden-Wilmington, PA-NJ-DE-MD",1004,5,0.9756,25.3571,107,3.94736842105263,8.73417721518987
"Neighborhood","Cedarbrook","PA","Philadelphia-Camden-Wilmington, PA-NJ-DE-MD",1919,5,0.9642,29.0123,80.5,2.36842105263158,8.73417721518987
"Neighborhood","Overbrook","PA","Philadelphia-Camden-Wilmington, PA-NJ-DE-MD",1077,5,0.9538,18.75,112,6.31578947368421,8.73417721518987
"Neighborhood","Grays Ferry","PA","Philadelphia-Camden-Wilmington, PA-NJ-DE-MD",2462,5,0.9039,12.9808,113,6.05263157894737,8.73417721518987
"Neighborhood","Rhawnhurst","PA","Philadelphia-Camden-Wilmington, PA-NJ-DE-MD",1153,5,0.9513,12.9534,96,0.789473684210526,8.73417721518987
"Neighborhood","Wynnefield","PA","Philadelphia-Camden-Wilmington, PA-NJ-DE-MD",1026,5,0.9596,19.171,97,1.84210526315789,8.73417721518987
"Neighborhood","Fairmount-Spring Garden","PA","Philadelphia-Camden-Wilmington, PA-NJ-DE-MD",1546,5,0.9711,22.7414,116,6.57894736842105,8.73417721518987
"Neighborhood","Mayfair","PA","Philadelphia-Camden-Wilmington, PA-NJ-DE-MD",942,5,0.9438,20.9115,100,7.63157894736842,8.73417721518987
"Neighborhood","Somerton","PA","Philadelphia-Camden-Wilmington, PA-NJ-DE-MD",1025,5,0.9583,22.6131,104,4.47368421052632,8.73417721518987
"Neighborhood","Germantown","PA","Philadelphia-Camden-Wilmington, PA-NJ-DE-MD",1482,5,0.8772,17.5141,93.5,4.21052631578947,8.73417721518987
"Neighborhood","Pennsport-Whitman-Queen","PA","Philadelphia-Camden-Wilmington, PA-NJ-DE-MD",1152,5,0.9549,19.1038,124.5,8.94736842105263,8.73417721518987
"Neighborhood","Sun Lakes","AZ","Phoenix-Mesa-Scottsdale, AZ",2780,13,0.9645,17.5853,87,7.24137931034483,4.36708860759494
"Neighborhood","Sun Groves","AZ","Phoenix-Mesa-Scottsdale, AZ",5392,13,0.9776,15.3846,75,2.75862068965517,4.36708860759494
"Neighborhood","Fountain of the Sun","AZ","Phoenix-Mesa-Scottsdale, AZ",5652,13,0.9622,14.7826,85,6.20689655172414,4.36708860759494
"Neighborhood","Ahwatukee Foothills","AZ","Phoenix-Mesa-Scottsdale, AZ",332,13,0.9788,20.2002,81,4.48275862068965,4.36708860759494
"Neighborhood","Trilogy","AZ","Phoenix-Mesa-Scottsdale, AZ",5669,13,0.974293059125964,24.0964,102,8.96551724137931,4.36708860759494
"Neighborhood","Camelback East","AZ","Phoenix-Mesa-Scottsdale, AZ",130,13,0.9613,18.123,86.5,7.93103448275862,4.36708860759494
"Neighborhood","Power Ranch","AZ","Phoenix-Mesa-Scottsdale, AZ",4048,13,0.9884,14.1593,75,1.37931034482759,4.36708860759494
"Neighborhood","Pinnacle Peak","AZ","Phoenix-Mesa-Scottsdale, AZ",3403,13,0.9629,12.8205,144,7.58620689655172,4.36708860759494
"Neighborhood","North Mountain","AZ","Phoenix-Mesa-Scottsdale, AZ",105,13,0.9776,15.1057,79,3.10344827586207,4.36708860759494
"Neighborhood","Laveen","AZ","Phoenix-Mesa-Scottsdale, AZ",810,13,0.9924,14.7714,86,2.41379310344828,4.36708860759494
"Neighborhood","Alahambra","AZ","Phoenix-Mesa-Scottsdale, AZ",143,13,0.9816,16.8991,83,4.13793103448276,4.36708860759494
"Neighborhood","Alta Mesa","AZ","Phoenix-Mesa-Scottsdale, AZ",5355,13,0.9596,18.3824,90,9.31034482758621,4.36708860759494
"Neighborhood","Seville","AZ","Phoenix-Mesa-Scottsdale, AZ",5486,13,0.9686,22.3602,105.5,10,4.36708860759494
"Neighborhood","Desert View","AZ","Phoenix-Mesa-Scottsdale, AZ",709,13,0.975,19.0196,91,6.89655172413793,4.36708860759494
"Neighborhood","San Tan Ranch","AZ","Phoenix-Mesa-Scottsdale, AZ",5435,13,0.9903,13.5802,72,0.689655172413793,4.36708860759494
"Neighborhood","Superstition Springs","AZ","Phoenix-Mesa-Scottsdale, AZ",4603,13,0.9771,23.8938,85,6.55172413793103,4.36708860759494
"Neighborhood","South Scottsdale","AZ","Phoenix-Mesa-Scottsdale, AZ",282,13,0.9713,17.9724,82,5.86206896551724,4.36708860759494
"Neighborhood","South Mountain","AZ","Phoenix-Mesa-Scottsdale, AZ",180,13,0.9899,14.7379,77,1.72413793103448,4.36708860759494
"Neighborhood","Dobson Ranch","AZ","Phoenix-Mesa-Scottsdale, AZ",3337,13,0.976,17.9487,81.5,5.17241379310345,4.36708860759494
"Neighborhood","Encanto","AZ","Phoenix-Mesa-Scottsdale, AZ",551,13,0.9761,17.8233,74,3.44827586206897,4.36708860759494
"Neighborhood","Sunland Village East","AZ","Phoenix-Mesa-Scottsdale, AZ",5656,13,0.969603693728357,10.9375,79.5,3.79310344827586,4.36708860759494
"Neighborhood","Estrella","AZ","Phoenix-Mesa-Scottsdale, AZ",312,13,0.9864,12.9243,73,1.03448275862069,4.36708860759494
"Neighborhood","Deer Valley","AZ","Phoenix-Mesa-Scottsdale, AZ",97,13,0.9832,15.4432,70,2.06896551724138,4.36708860759494
"Neighborhood","Leisure World","AZ","Phoenix-Mesa-Scottsdale, AZ",5649,13,0.9607,15.9091,101,8.62068965517241,4.36708860759494
"Neighborhood","North Gateway","AZ","Phoenix-Mesa-Scottsdale, AZ",3008,13,0.9693,21.3389,103,9.6551724137931,4.36708860759494
"Neighborhood","Paradise Valley","AZ","Phoenix-Mesa-Scottsdale, AZ",98,13,0.9729,17.8974,79,5.51724137931035,4.36708860759494
"Neighborhood","North Scottsdale","AZ","Phoenix-Mesa-Scottsdale, AZ",158,13,0.9698,17.9909,116,8.27586206896552,4.36708860759494
"Neighborhood","Central City","AZ","Phoenix-Mesa-Scottsdale, AZ",517,13,0.9773,14.0794,98,4.82758620689655,4.36708860759494
"Neighborhood","Maryvale","AZ","Phoenix-Mesa-Scottsdale, AZ",71,13,0.9958,13.3992,70,0.344827586206897,4.36708860759494
"Neighborhood","Portsmouth","OR","Portland-Vancouver-Beaverton, OR-WA",4416,22,0.9918,9.009,61.5,3.92857142857143,1.0126582278481
"Neighborhood","Foster-Powell","OR","Portland-Vancouver-Beaverton, OR-WA",5099,22,1,5.7971,54,0.714285714285714,1.0126582278481
"Neighborhood","Multnomah","OR","Portland-Vancouver-Beaverton, OR-WA",5063,22,0.980810234541578,13.0952,52.5,6.07142857142857,1.0126582278481
"Neighborhood","Southwest Hills","OR","Portland-Vancouver-Beaverton, OR-WA",5423,22,0.966666666666667,9.5238,77,8.57142857142857,1.0126582278481
"Neighborhood","Sellwood-Moreland","OR","Portland-Vancouver-Beaverton, OR-WA",4057,22,0.987654320987654,6.25,53.5,2.14285714285714,1.0126582278481
"Neighborhood","Mount Tabor","OR","Portland-Vancouver-Beaverton, OR-WA",4261,22,0.9867,14.4578,54,6.42857142857143,1.0126582278481
"Neighborhood","Powellhurst Gilbert","OR","Portland-Vancouver-Beaverton, OR-WA",1366,22,0.9704,14.5455,80,9.64285714285714,1.0126582278481
"Neighborhood","Neighbors Southwest","OR","Portland-Vancouver-Beaverton, OR-WA",4495,22,0.9849,7.8431,73,6.78571428571429,1.0126582278481
"Neighborhood","Madison South","OR","Portland-Vancouver-Beaverton, OR-WA",5010,22,0.9883,18.8679,75,8.92857142857143,1.0126582278481
"Neighborhood","Woodstock","OR","Portland-Vancouver-Beaverton, OR-WA",4647,22,0.9907,7.2289,43,1.42857142857143,1.0126582278481
"Neighborhood","Vose","OR","Portland-Vancouver-Beaverton, OR-WA",4910,22,0.989,17.1875,53.5,5.35714285714286,1.0126582278481
"Neighborhood","South Tabor","OR","Portland-Vancouver-Beaverton, OR-WA",5339,22,1.01941747572816,12.2807,48,0.357142857142857,1.0126582278481
"Neighborhood","Roseway","OR","Portland-Vancouver-Beaverton, OR-WA",5335,22,1,10.2941,54,1.07142857142857,1.0126582278481
"Neighborhood","Brentwood-Darlington","OR","Portland-Vancouver-Beaverton, OR-WA",3396,22,0.9956,13.5714,57,4.64285714285714,1.0126582278481
"Neighborhood","Centennial","OR","Portland-Vancouver-Beaverton, OR-WA",1521,22,0.9968,18.75,70,8.21428571428571,1.0126582278481
"Neighborhood","Lents","OR","Portland-Vancouver-Beaverton, OR-WA",1820,22,0.9985,16.4634,69,7.14285714285714,1.0126582278481
"Neighborhood","Corbett-Terwilliger-Lair Hill","OR","Portland-Vancouver-Beaverton, OR-WA",5159,22,1,13,82,5,1.0126582278481
"Neighborhood","Cully","OR","Portland-Vancouver-Beaverton, OR-WA",3329,22,0.9912,12.069,63.5,5.71428571428571,1.0126582278481
"Neighborhood","Richmond","OR","Portland-Vancouver-Beaverton, OR-WA",3873,22,0.9854,11.236,48,3.21428571428571,1.0126582278481
"Neighborhood","Sexton Mountain","OR","Portland-Vancouver-Beaverton, OR-WA",5137,22,0.9848,18.3486,66,9.28571428571429,1.0126582278481
"Neighborhood","Concordia","OR","Portland-Vancouver-Beaverton, OR-WA",4512,22,0.9704,8.3333,52,3.57142857142857,1.0126582278481
"Neighborhood","Pleasant Valley","OR","Portland-Vancouver-Beaverton, OR-WA",3904,22,0.9785,14.3836,89,10,1.0126582278481
"Neighborhood","Hazelwood","OR","Portland-Vancouver-Beaverton, OR-WA",1469,22,0.9943,17.4157,60,7.5,1.0126582278481
"Neighborhood","Pearl District","OR","Portland-Vancouver-Beaverton, OR-WA",5406,22,0.9871,12.5,63,7.85714285714286,1.0126582278481
"Neighborhood","Mount Scott","OR","Portland-Vancouver-Beaverton, OR-WA",5094,22,1,12.6126,55,2.5,1.0126582278481
"Neighborhood","Montavilla","OR","Portland-Vancouver-Beaverton, OR-WA",2612,22,0.9988,10.625,52.5,1.78571428571429,1.0126582278481
"Neighborhood","St.Johns","OR","Portland-Vancouver-Beaverton, OR-WA",3048,22,0.9973,10.6061,63.5,4.28571428571429,1.0126582278481
"Neighborhood","South Beaverton","OR","Portland-Vancouver-Beaverton, OR-WA",4806,22,1,12.3288,55,2.85714285714286,1.0126582278481
"Neighborhood","Six Forks","NC","Raleigh-Cary, NC",4215,41,0.9824,16.6667,63.5,4.54545454545455,2.08860759493671
"Neighborhood","South Raleigh","NC","Raleigh-Cary, NC",3925,41,0.9555,4.5,85,7.27272727272727,2.08860759493671
"Neighborhood","Southeast Raleigh","NC","Raleigh-Cary, NC",2341,41,0.9926,5.5738,84,0.909090909090909,2.08860759493671
"Neighborhood","West Raleigh","NC","Raleigh-Cary, NC",983,41,0.9783,8.7156,62,1.81818181818182,2.08860759493671
"Neighborhood","Northwest Raleigh","NC","Raleigh-Cary, NC",395,41,0.9794,14.6396,77,5.45454545454545,2.08860759493671
"Neighborhood","Falls of Neuse","NC","Raleigh-Cary, NC",4775,41,0.9756,19.7183,70,8.18181818181818,2.08860759493671
"Neighborhood","Five Points","NC","Raleigh-Cary, NC",4991,41,0.9768,13.4715,97,9.09090909090909,2.08860759493671
"Neighborhood","Glenwood","NC","Raleigh-Cary, NC",5045,41,0.9726,18.4466,118,10,2.08860759493671
"Neighborhood","Northeast Raleigh","NC","Raleigh-Cary, NC",489,41,0.9833,8.8561,78.5,2.72727272727273,2.08860759493671
"Neighborhood","North Raleigh","NC","Raleigh-Cary, NC",357,41,0.9784,17.3913,73,6.36363636363636,2.08860759493671
"Neighborhood","Southwest Raleigh","NC","Raleigh-Cary, NC",2013,41,0.984,14.7541,76.5,3.63636363636364,2.08860759493671
"Neighborhood","Tierrasanta","CA","San Diego-Carlsbad-San Marcos, CA",1138,16,0.9752,20.5674,64.5,7.8125,3.29113924050633
"Neighborhood","Southwest","CA","San Diego-Carlsbad-San Marcos, CA",373,16,0.9819,16.6667,66.5,4.0625,3.29113924050633
"Neighborhood","Mira Mesa","CA","San Diego-Carlsbad-San Marcos, CA",410,16,0.9837,13.3995,60,1.25,3.29113924050633
"Neighborhood","Carmel Valley","CA","San Diego-Carlsbad-San Marcos, CA",732,16,0.9778,14.7583,69,5.3125,3.29113924050633
"Neighborhood","Point Loma Heights","CA","San Diego-Carlsbad-San Marcos, CA",2147,16,0.9789,12.1547,80,5,3.29113924050633
"Neighborhood","Marina","CA","San Diego-Carlsbad-San Marcos, CA",5507,16,0.964,13.2075,99.5,9.375,3.29113924050633
"Neighborhood","Bay Park","CA","San Diego-Carlsbad-San Marcos, CA",2626,16,0.9714,14.0496,66.5,6.25,3.29113924050633
"Neighborhood","Rancho Penasquitos","CA","San Diego-Carlsbad-San Marcos, CA",653,16,0.984,18.4953,63,2.8125,3.29113924050633
"Neighborhood","Eastlake Greens","CA","San Diego-Carlsbad-San Marcos, CA",4430,16,0.9784,12.3711,68,3.75,3.29113924050633
"Neighborhood","Black Mountain Ranch","CA","San Diego-Carlsbad-San Marcos, CA",5220,16,0.9706,14.7783,101,9.6875,3.29113924050633
"Neighborhood","East Village","CA","San Diego-Carlsbad-San Marcos, CA",4926,16,0.9762,25.4777,94,10,3.29113924050633
"Neighborhood","Encanto","CA","San Diego-Carlsbad-San Marcos, CA",2583,16,0.9789,19.4175,69,6.5625,3.29113924050633
"Neighborhood","Pacific Beach","CA","San Diego-Carlsbad-San Marcos, CA",1058,16,0.9721,17.3729,73,8.75,3.29113924050633
"Neighborhood","Allied Gardens","CA","San Diego-Carlsbad-San Marcos, CA",3880,16,0.9733,17,65,6.875,3.29113924050633
"Neighborhood","La Jolla","CA","San Diego-Carlsbad-San Marcos, CA",1030,16,0.9553,12.6087,87,8.4375,3.29113924050633
"Neighborhood","Otay Ranch Village 5","CA","San Diego-Carlsbad-San Marcos, CA",5002,16,0.9824,11,60.5,0.625,3.29113924050633
"Neighborhood","Park West","CA","San Diego-Carlsbad-San Marcos, CA",4844,16,0.954038997214485,13.2653,82,9.0625,3.29113924050633
"Neighborhood","Linda Vista","CA","San Diego-Carlsbad-San Marcos, CA",1442,16,0.9702,12.8,73,7.5,3.29113924050633
"Neighborhood","Mission Valley East","CA","San Diego-Carlsbad-San Marcos, CA",4317,16,0.9788,16.2791,77,7.1875,3.29113924050633
"Neighborhood","Rancho Bernardo","CA","San Diego-Carlsbad-San Marcos, CA",747,16,0.9762,14.0893,69,5.625,3.29113924050633
"Neighborhood","Lake Murray","CA","San Diego-Carlsbad-San Marcos, CA",2334,16,0.9798,13.1783,63,2.5,3.29113924050633
"Neighborhood","Serra Mesa","CA","San Diego-Carlsbad-San Marcos, CA",1583,16,0.978,18.125,56,4.375,3.29113924050633
"Neighborhood","Bay Terraces","CA","San Diego-Carlsbad-San Marcos, CA",1023,16,1,13.3333,54.5,0.3125,3.29113924050633
"Neighborhood","Clairemont Mesa East","CA","San Diego-Carlsbad-San Marcos, CA",1245,16,0.9798,12.8571,56,0.9375,3.29113924050633
"Neighborhood","Scripps Ranch","CA","San Diego-Carlsbad-San Marcos, CA",1795,16,0.9846,14.7541,63,1.875,3.29113924050633
"Neighborhood","Miramar Ranch North","CA","San Diego-Carlsbad-San Marcos, CA",3190,16,0.9696,12.5,51,3.125,3.29113924050633
"Neighborhood","Northwest","CA","San Diego-Carlsbad-San Marcos, CA",556,16,0.9794,14.0078,69,4.6875,3.29113924050633
"Neighborhood","Otay Mesa West","CA","San Diego-Carlsbad-San Marcos, CA",1008,16,0.9918,9.0278,70,1.5625,3.29113924050633
"Neighborhood","San Carlos","CA","San Diego-Carlsbad-San Marcos, CA",3493,16,0.9809,20,69,5.9375,3.29113924050633
"Neighborhood","North Park","CA","San Diego-Carlsbad-San Marcos, CA",821,16,0.9795,16.4557,62,3.4375,3.29113924050633
"Neighborhood","University City","CA","San Diego-Carlsbad-San Marcos, CA",647,16,0.9749,18.3616,70,8.125,3.29113924050633
"Neighborhood","Otay Ranch","CA","San Diego-Carlsbad-San Marcos, CA",1429,16,0.9871,14.6032,63.5,2.1875,3.29113924050633
"Neighborhood","Downtown","CA","San Jose-Sunnyvale-Santa Clara, CA",329,28,0.9974,11.5183,47.5,10,0.0632911392405063
"Neighborhood","Berryessa","CA","San Jose-Sunnyvale-Santa Clara, CA",851,28,1.0141,6.015,44,2.30769230769231,0.0632911392405063
"Neighborhood","West San Jose","CA","San Jose-Sunnyvale-Santa Clara, CA",229,28,1.0292,2.7888,39,0.769230769230769,0.0632911392405063
"Neighborhood","Fairgrounds","CA","San Jose-Sunnyvale-Santa Clara, CA",606,28,1.0009,5.9091,53,6.15384615384615,0.0632911392405063
"Neighborhood","East San Jose","CA","San Jose-Sunnyvale-Santa Clara, CA",172,28,1.0022,7.0336,54.5,7.69230769230769,0.0632911392405063
"Neighborhood","Alum Rock-East Foothills","CA","San Jose-Sunnyvale-Santa Clara, CA",1115,28,1,3.6036,52,4.61538461538461,0.0632911392405063
"Neighborhood","Cambrian Park","CA","San Jose-Sunnyvale-Santa Clara, CA",413,28,1.0324,5.8989,40,1.53846153846154,0.0632911392405063
"Neighborhood","Santa Teresa","CA","San Jose-Sunnyvale-Santa Clara, CA",620,28,1.0016,6.5517,49,5.38461538461539,0.0632911392405063
"Neighborhood","North Valley","CA","San Jose-Sunnyvale-Santa Clara, CA",346,28,1.007,7.9545,46,3.84615384615385,0.0632911392405063
"Neighborhood","Almaden Valley","CA","San Jose-Sunnyvale-Santa Clara, CA",708,28,1.0062,9.0476,39,3.07692307692308,0.0632911392405063
"Neighborhood","Willow Glen","CA","San Jose-Sunnyvale-Santa Clara, CA",354,28,0.9994,6.9048,46,8.46153846153846,0.0632911392405063
"Neighborhood","Blossom Valley","CA","San Jose-Sunnyvale-Santa Clara, CA",388,28,1.0002,7.2261,45,6.92307692307692,0.0632911392405063
"Neighborhood","Evergreen","CA","San Jose-Sunnyvale-Santa Clara, CA",343,28,0.9957,6.1033,50,9.23076923076923,0.0632911392405063
"Neighborhood","Meydenbauer","WA","Seattle-Tacoma-Bellevue, WA",5424,14,0.9876,6.4516,62,6.33333333333333,0.443037974683544
"Neighborhood","North End","WA","Seattle-Tacoma-Bellevue, WA",1348,14,0.9874,13.5135,79.5,9.66666666666667,0.443037974683544
"Neighborhood","Minor","WA","Seattle-Tacoma-Bellevue, WA",5017,14,1,13.8889,41,3.66666666666667,0.443037974683544
"Neighborhood","Kingsgate","WA","Seattle-Tacoma-Bellevue, WA",4335,14,1,8.046,54.5,2.33333333333333,0.443037974683544
"Neighborhood","Magnolia","WA","Seattle-Tacoma-Bellevue, WA",2179,14,0.9952,6.2257,50,3.33333333333333,0.443037974683544
"Neighborhood","Alki","WA","Seattle-Tacoma-Bellevue, WA",5143,14,1,8.547,70,5,0.443037974683544
"Neighborhood","Haller Lake","WA","Seattle-Tacoma-Bellevue, WA",4825,14,1,3.9604,50,0.333333333333333,0.443037974683544
"Neighborhood","New Tacoma","WA","Seattle-Tacoma-Bellevue, WA",2914,14,0.9846,8.9286,126,9,0.443037974683544
"Neighborhood","Green Lake","WA","Seattle-Tacoma-Bellevue, WA",4788,14,0.9827,5,43.5,4.33333333333333,0.443037974683544
"Neighborhood","Greenwood","WA","Seattle-Tacoma-Bellevue, WA",2573,14,1,7.2727,44,0.666666666666667,0.443037974683544
"Neighborhood","Bitter Lake","WA","Seattle-Tacoma-Bellevue, WA",4859,14,0.9982,14.433,59,6.66666666666667,0.443037974683544
"Neighborhood","Phinney Ridge","WA","Seattle-Tacoma-Bellevue, WA",4665,14,0.992998999857122,4.2254,41,1.33333333333333,0.443037974683544
"Neighborhood","Admiral","WA","Seattle-Tacoma-Bellevue, WA",3955,14,0.9914,12.1951,42.5,5.33333333333333,0.443037974683544
"Neighborhood","Belltown","WA","Seattle-Tacoma-Bellevue, WA",4573,14,0.9834,10.1266,54.5,7.33333333333333,0.443037974683544
"Neighborhood","Northeast Tacoma","WA","Seattle-Tacoma-Bellevue, WA",2415,14,0.9797,15.5556,72,10,0.443037974683544
"Neighborhood","South Tacoma","WA","Seattle-Tacoma-Bellevue, WA",1295,14,0.9878,11.1524,85.5,8.66666666666667,0.443037974683544
"Neighborhood","Alderwood Manor","WA","Seattle-Tacoma-Bellevue, WA",2214,14,0.9937,8.6735,60,6,0.443037974683544
"Neighborhood","Lea Hill","WA","Seattle-Tacoma-Bellevue, WA",3266,14,1,8.1731,72,4.66666666666667,0.443037974683544
"Neighborhood","West End","WA","Seattle-Tacoma-Bellevue, WA",1122,14,0.9917,12.3832,75,8,0.443037974683544
"Neighborhood","Fairmount Park","WA","Seattle-Tacoma-Bellevue, WA",5516,14,1,3.5294,57,2,0.443037974683544
"Neighborhood","Central","WA","Seattle-Tacoma-Bellevue, WA",1734,14,0.984,9.1176,88,9.33333333333333,0.443037974683544
"Neighborhood","High Point","WA","Seattle-Tacoma-Bellevue, WA",5201,14,1,2.381,49,1,0.443037974683544
"Neighborhood","Maple Leaf","WA","Seattle-Tacoma-Bellevue, WA",4042,14,0.9942,7,40.5,1.66666666666667,0.443037974683544
"Neighborhood","North Juanita","WA","Seattle-Tacoma-Bellevue, WA",4566,14,1,11.3772,49,4,0.443037974683544
"Neighborhood","South End","WA","Seattle-Tacoma-Bellevue, WA",786,14,0.9948,14.0713,83.5,8.33333333333333,0.443037974683544
"Neighborhood","Eastside-ENACT","WA","Seattle-Tacoma-Bellevue, WA",1105,14,0.9979,10.0737,89,7,0.443037974683544
"Neighborhood","Wallingford","WA","Seattle-Tacoma-Bellevue, WA",2624,14,0.9882,7.1429,39,3,0.443037974683544
"Neighborhood","Capitol Hill","WA","Seattle-Tacoma-Bellevue, WA",1064,14,1.0014,12.0773,48,2.66666666666667,0.443037974683544
"Neighborhood","Finn Hill","WA","Seattle-Tacoma-Bellevue, WA",3011,14,0.9877,12.069,55,7.66666666666667,0.443037974683544
"Neighborhood","Downtown","WA","Seattle-Tacoma-Bellevue, WA",3617,14,0.9931,7.6923,60,5.66666666666667,0.443037974683544
"Neighborhood","Ballast Point","FL","Tampa-St. Petersburg-Clearwater, FL",5388,18,0.9791,18.125,93.5,4.21052631578947,7.27848101265823
"Neighborhood","Central Oak Park","FL","Tampa-St. Petersburg-Clearwater, FL",4945,18,0.9762,16.5775,96,4.73684210526316,7.27848101265823
"Neighborhood","Wellswood","FL","Tampa-St. Petersburg-Clearwater, FL",5108,18,1,9.3333,61.5,0.526315789473684,7.27848101265823
"Neighborhood","Historic Old Northeast","FL","Tampa-St. Petersburg-Clearwater, FL",5149,18,0.9647,9.8039,83,2.10526315789474,7.27848101265823
"Neighborhood","Bayside West","FL","Tampa-St. Petersburg-Clearwater, FL",5552,18,0.970802919708029,16.5138,117,7.89473684210526,7.27848101265823
"Neighborhood","Tampa Palms","FL","Tampa-St. Petersburg-Clearwater, FL",2495,18,0.953,23.0769,98,10,7.27848101265823
"Neighborhood","West Meadows","FL","Tampa-St. Petersburg-Clearwater, FL",4382,18,0.9815,16.5179,104,5.26315789473684,7.27848101265823
"Neighborhood","Disston Heights","FL","Tampa-St. Petersburg-Clearwater, FL",1456,18,0.9629,20.4878,81.5,5.78947368421053,7.27848101265823
"Neighborhood","Seminole Heights","FL","Tampa-St. Petersburg-Clearwater, FL",5302,18,0.9432,21.0884,90,9.47368421052632,7.27848101265823
"Neighborhood","Old Seminole Heights","FL","Tampa-St. Petersburg-Clearwater, FL",5160,18,0.9572,17.8899,102.5,8.94736842105263,7.27848101265823
"Neighborhood","Gandy-Sun Bay South","FL","Tampa-St. Petersburg-Clearwater, FL",2825,18,0.9716,19.0871,82,3.68421052631579,7.27848101265823
"Neighborhood","Virginia Park","FL","Tampa-St. Petersburg-Clearwater, FL",5515,18,0.9573,9.3923,74,1.57894736842105,7.27848101265823
"Neighborhood","East Tampa","FL","Tampa-St. Petersburg-Clearwater, FL",1986,18,0.9142,15.2318,98,8.42105263157895,7.27848101265823
"Neighborhood","Palma Ceia","FL","Tampa-St. Petersburg-Clearwater, FL",5562,18,0.9713,12.0482,73,1.05263157894737,7.27848101265823
"Neighborhood","Lowry Park Central","FL","Tampa-St. Petersburg-Clearwater, FL",3691,18,0.986,18.3099,89,2.63157894736842,7.27848101265823
"Neighborhood","Hunters Green","FL","Tampa-St. Petersburg-Clearwater, FL",5167,18,0.9715,18.2432,96,6.31578947368421,7.27848101265823
"Neighborhood","Bayshore Beautiful","FL","Tampa-St. Petersburg-Clearwater, FL",5211,18,0.9522,12.9032,101,7.36842105263158,7.27848101265823
"Neighborhood","Harbour Island","FL","Tampa-St. Petersburg-Clearwater, FL",5572,18,0.9737,14.3836,91.5,3.15789473684211,7.27848101265823
"Neighborhood","Greater Pinellas Point","FL","Tampa-St. Petersburg-Clearwater, FL",2120,18,0.9612,20.7729,82,6.84210526315789,7.27848101265823
"Neighborhood","Green Run","VA","Virginia Beach-Norfolk-Newport News, VA-NC",491,31,0.9834,23.2993,85.5,6.19047619047619,3.92405063291139
"Neighborhood","Greenbrier East","VA","Virginia Beach-Norfolk-Newport News, VA-NC",1493,31,0.9749,9.3023,92,4.28571428571429,3.92405063291139
"Neighborhood","Northampton","VA","Virginia Beach-Norfolk-Newport News, VA-NC",1581,31,0.9674,17.4797,76,7.14285714285714,3.92405063291139
"Neighborhood","Deep Creek North","VA","Virginia Beach-Norfolk-Newport News, VA-NC",1783,31,0.9879,9.6346,91,0.952380952380952,3.92405063291139
"Neighborhood","Great Bridge East","VA","Virginia Beach-Norfolk-Newport News, VA-NC",2439,31,0.9882,17.0886,89,3.33333333333333,3.92405063291139
"Neighborhood","South Norfolk","VA","Virginia Beach-Norfolk-Newport News, VA-NC",1400,31,0.9977,12.5,102,1.42857142857143,3.92405063291139
"Neighborhood","Downtown","VA","Virginia Beach-Norfolk-Newport News, VA-NC",3169,31,0.9757,14.5078,149.5,9.52380952380952,3.92405063291139
"Neighborhood","Salem","VA","Virginia Beach-Norfolk-Newport News, VA-NC",724,31,0.9898,16.5217,76,0.476190476190476,3.92405063291139
"Neighborhood","Princess Anne Plaza","VA","Virginia Beach-Norfolk-Newport News, VA-NC",NA,31,0.9804,20,85,4.76190476190476,3.92405063291139
"Neighborhood","Kings Grant","VA","Virginia Beach-Norfolk-Newport News, VA-NC",1982,31,0.9705,18.0488,105,10,3.92405063291139
"Neighborhood","Seatack","VA","Virginia Beach-Norfolk-Newport News, VA-NC",2511,31,0.9765,17.3585,97,9.04761904761905,3.92405063291139
"Neighborhood","Bayside","VA","Virginia Beach-Norfolk-Newport News, VA-NC",788,31,0.9864,16.2476,96,3.80952380952381,3.92405063291139
"Neighborhood","Greenbrier West","VA","Virginia Beach-Norfolk-Newport News, VA-NC",1974,31,0.9838,15.0171,113,6.66666666666667,3.92405063291139
"Neighborhood","Western Branch South","VA","Virginia Beach-Norfolk-Newport News, VA-NC",3137,31,0.9827,13.6187,121,7.61904761904762,3.92405063291139
"Neighborhood","Great Neck","VA","Virginia Beach-Norfolk-Newport News, VA-NC",1357,31,0.9815,21.7054,85,5.23809523809524,3.92405063291139
"Neighborhood","Kempsville","VA","Virginia Beach-Norfolk-Newport News, VA-NC",547,31,0.9734,17.1717,89,8.57142857142857,3.92405063291139
"Neighborhood","Princess Anne","VA","Virginia Beach-Norfolk-Newport News, VA-NC",436,31,0.9793,18.6022,91,8.09523809523809,3.92405063291139
"Neighborhood","Western Branch North","VA","Virginia Beach-Norfolk-Newport News, VA-NC",2033,31,0.9931,13.2203,98.5,1.9047619047619,3.92405063291139
"Neighborhood","Mears Corner","VA","Virginia Beach-Norfolk-Newport News, VA-NC",967,31,0.9904,20.6897,77,2.85714285714286,3.92405063291139
"Neighborhood","Great Bridge","VA","Virginia Beach-Norfolk-Newport News, VA-NC",1314,31,0.986,9.3694,96,2.38095238095238,3.92405063291139
"Neighborhood","Indian River","VA","Virginia Beach-Norfolk-Newport News, VA-NC",1199,31,1,21.6129,110.5,5.71428571428571,3.92405063291139
"Neighborhood","Alexandria Wrest","VA","Washington-Arlington-Alexandria, DC-VA-MD-WV",1137,6,0.9882,19.3548,72,5,2.72151898734177
"Neighborhood","North Ridge-Rosemont","VA","Washington-Arlington-Alexandria, DC-VA-MD-WV",3931,6,0.9812,19.708,66,6.11111111111111,2.72151898734177
"Neighborhood","Near Northeast","DC","Washington-Arlington-Alexandria, DC-VA-MD-WV",4860,6,0.988,9.4737,48.5,1.11111111111111,2.72151898734177
"Neighborhood","Georgetown","DC","Washington-Arlington-Alexandria, DC-VA-MD-WV",3120,6,0.980558279328554,11.7647,99,6.66666666666667,2.72151898734177
"Neighborhood","Dupont Circle","DC","Washington-Arlington-Alexandria, DC-VA-MD-WV",2935,6,0.9898,15.0794,48,2.22222222222222,2.72151898734177
"Neighborhood","Columbia Heights","DC","Washington-Arlington-Alexandria, DC-VA-MD-WV",1024,6,1.0008,17.0854,55,2.77777777777778,2.72151898734177
"Neighborhood","Landmark-Van Dom","VA","Washington-Arlington-Alexandria, DC-VA-MD-WV",1287,6,0.9816,17.4074,73,7.22222222222222,2.72151898734177
"Neighborhood","Old Town","VA","Washington-Arlington-Alexandria, DC-VA-MD-WV",5135,6,0.978,12.3967,94,8.33333333333333,2.72151898734177
"Neighborhood","Riggs Park","DC","Washington-Arlington-Alexandria, DC-VA-MD-WV",5028,6,0.956859876742505,13.6364,66,5.55555555555556,2.72151898734177
"Neighborhood","Ballston-Virginia Square","VA","Washington-Arlington-Alexandria, DC-VA-MD-WV",3783,6,0.9881,10.5263,52,1.66666666666667,2.72151898734177
"Neighborhood","Potomac West","VA","Washington-Arlington-Alexandria, DC-VA-MD-WV",1440,6,0.9935,16.7702,57,3.33333333333333,2.72151898734177
"Neighborhood","South Lakes Dr - Soapstone Dr","VA","Washington-Arlington-Alexandria, DC-VA-MD-WV",3462,6,0.9725,22.4852,73,10,2.72151898734177
"Neighborhood","Fairlington-Shirlington","VA","Washington-Arlington-Alexandria, DC-VA-MD-WV",4358,6,0.9983,13.0435,68,3.88888888888889,2.72151898734177
"Neighborhood","Petworth","DC","Washington-Arlington-Alexandria, DC-VA-MD-WV",2040,6,1,23.1638,68,4.44444444444444,2.72151898734177
"Neighborhood","Wiehle Ave - Reston Pky","VA","Washington-Arlington-Alexandria, DC-VA-MD-WV",4469,6,0.985331160171877,26.9565,75,8.88888888888889,2.72151898734177
"Neighborhood","Sunset Hills","VA","Washington-Arlington-Alexandria, DC-VA-MD-WV",4435,6,0.9774,24.6667,72.5,9.44444444444444,2.72151898734177
"Neighborhood","Seminary Hill","VA","Washington-Arlington-Alexandria, DC-VA-MD-WV",1676,6,0.9838,21.2903,70.5,7.77777777777778,2.72151898734177
"Neighborhood","Capitol Hill","DC","Washington-Arlington-Alexandria, DC-VA-MD-WV",1165,6,1.0002,10.0437,51,0.555555555555556,2.72151898734177
